"table_name","column_name","data_type"
accounts_generalledger,id,bigint
accounts_generalledger,label,character varying
accounts_generalledger,notes,character varying
accounts_generalledger,payer_name,character varying
accounts_generalledger,receiver_name,character varying
accounts_generalledger,entry_type,character varying
accounts_generalledger,transaction_date,timestamp with time zone
accounts_generalledger,amount,numeric
accounts_generalledger,created_at,timestamp with time zone
accounts_generalledger,updated_at,timestamp with time zone
accounts_generalledger,account_type_id,bigint
accounts_generalledger,asset_id,bigint
accounts_generalledger,attachment_id,bigint
accounts_generalledger,created_by_id,bigint
accounts_generalledger,currency_id,integer
accounts_generalledger,lease_transaction_id,bigint
accounts_generalledger,payment_transaction_id,bigint
accounts_generalledger,reviewer_id,bigint
accounts_generalledger,sale_transaction_id,bigint
accounts_generalledger,updated_by_id,bigint
accounts_generalledger,user_id,bigint
accounts_generalledger,base_amount,numeric
accounts_generalledger,exchange_rate,numeric
accounts_generalledger_history,id,bigint
accounts_generalledger_history,label,character varying
accounts_generalledger_history,notes,character varying
accounts_generalledger_history,payer_name,character varying
accounts_generalledger_history,receiver_name,character varying
accounts_generalledger_history,entry_type,character varying
accounts_generalledger_history,transaction_date,timestamp with time zone
accounts_generalledger_history,amount,numeric
accounts_generalledger_history,created_at,timestamp with time zone
accounts_generalledger_history,updated_at,timestamp with time zone
accounts_generalledger_history,history_id,integer
accounts_generalledger_history,history_date,timestamp with time zone
accounts_generalledger_history,history_change_reason,character varying
accounts_generalledger_history,history_type,character varying
accounts_generalledger_history,account_type_id,bigint
accounts_generalledger_history,asset_id,bigint
accounts_generalledger_history,attachment_id,bigint
accounts_generalledger_history,created_by_id,bigint
accounts_generalledger_history,currency_id,integer
accounts_generalledger_history,history_user_id,bigint
accounts_generalledger_history,lease_transaction_id,bigint
accounts_generalledger_history,payment_transaction_id,bigint
accounts_generalledger_history,reviewer_id,bigint
accounts_generalledger_history,sale_transaction_id,bigint
accounts_generalledger_history,updated_by_id,bigint
accounts_generalledger_history,user_id,bigint
accounts_generalledger_history,base_amount,numeric
accounts_generalledger_history,exchange_rate,numeric
accounts_generalledgercategory,id,bigint
accounts_generalledgercategory,entry_type,character varying
accounts_generalledgercategory,name,character varying
accounts_generalledgercategory,created_at,timestamp with time zone
accounts_generalledgercategory,updated_at,timestamp with time zone
accounts_generalledgercategory,created_by_id,bigint
accounts_generalledgercategory,updated_by_id,bigint
accounts_generalledgercategory_history,id,bigint
accounts_generalledgercategory_history,entry_type,character varying
accounts_generalledgercategory_history,name,character varying
accounts_generalledgercategory_history,created_at,timestamp with time zone
accounts_generalledgercategory_history,updated_at,timestamp with time zone
accounts_generalledgercategory_history,history_id,integer
accounts_generalledgercategory_history,history_date,timestamp with time zone
accounts_generalledgercategory_history,history_change_reason,character varying
accounts_generalledgercategory_history,history_type,character varying
accounts_generalledgercategory_history,created_by_id,bigint
accounts_generalledgercategory_history,history_user_id,bigint
accounts_generalledgercategory_history,updated_by_id,bigint
accounts_paymenttransaction,id,bigint
accounts_paymenttransaction,third_party_name,character varying
accounts_paymenttransaction,third_party_email,character varying
accounts_paymenttransaction,third_party_phone,character varying
accounts_paymenttransaction,is_third_party_registered,boolean
accounts_paymenttransaction,other_payment_type,character varying
accounts_paymenttransaction,expected_amount,numeric
accounts_paymenttransaction,paid_amount,numeric
accounts_paymenttransaction,balance_amount,numeric
accounts_paymenttransaction,late_fee,numeric
accounts_paymenttransaction,remarks,character varying
accounts_paymenttransaction,is_scheduled,boolean
accounts_paymenttransaction,payment_id,character varying
accounts_paymenttransaction,payment_reference_number,character varying
accounts_paymenttransaction,payment_signature,character varying
accounts_paymenttransaction,other_payment_detail,jsonb
accounts_paymenttransaction,transaction_type,character varying
accounts_paymenttransaction,processed_date,timestamp with time zone
accounts_paymenttransaction,payment_schedule_date,timestamp with time zone
accounts_paymenttransaction,payment_due_date,timestamp with time zone
accounts_paymenttransaction,payment_date,timestamp with time zone
accounts_paymenttransaction,created_at,timestamp with time zone
accounts_paymenttransaction,updated_at,timestamp with time zone
accounts_paymenttransaction,payment_attempt_count,smallint
accounts_paymenttransaction,asset_id,bigint
accounts_paymenttransaction,created_by_id,bigint
accounts_paymenttransaction,currency_id,integer
accounts_paymenttransaction,lease_transaction_id,bigint
accounts_paymenttransaction,mode_of_payment_id,bigint
accounts_paymenttransaction,ops_user_id,bigint
accounts_paymenttransaction,order_status_id,bigint
accounts_paymenttransaction,payer_user_id,bigint
accounts_paymenttransaction,payment_status_id,bigint
accounts_paymenttransaction,payment_type_id,bigint
accounts_paymenttransaction,receiver_user_id,bigint
accounts_paymenttransaction,ref_payment_txn_id,bigint
accounts_paymenttransaction,sale_transaction_id,bigint
accounts_paymenttransaction,updated_by_id,bigint
accounts_paymenttransaction,user_invoice_id,bigint
accounts_paymenttransaction_history,id,bigint
accounts_paymenttransaction_history,third_party_name,character varying
accounts_paymenttransaction_history,third_party_email,character varying
accounts_paymenttransaction_history,third_party_phone,character varying
accounts_paymenttransaction_history,is_third_party_registered,boolean
accounts_paymenttransaction_history,other_payment_type,character varying
accounts_paymenttransaction_history,expected_amount,numeric
accounts_paymenttransaction_history,paid_amount,numeric
accounts_paymenttransaction_history,balance_amount,numeric
accounts_paymenttransaction_history,late_fee,numeric
accounts_paymenttransaction_history,remarks,character varying
accounts_paymenttransaction_history,is_scheduled,boolean
accounts_paymenttransaction_history,payment_id,character varying
accounts_paymenttransaction_history,payment_reference_number,character varying
accounts_paymenttransaction_history,payment_signature,character varying
accounts_paymenttransaction_history,other_payment_detail,jsonb
accounts_paymenttransaction_history,transaction_type,character varying
accounts_paymenttransaction_history,processed_date,timestamp with time zone
accounts_paymenttransaction_history,payment_schedule_date,timestamp with time zone
accounts_paymenttransaction_history,payment_due_date,timestamp with time zone
accounts_paymenttransaction_history,payment_date,timestamp with time zone
accounts_paymenttransaction_history,created_at,timestamp with time zone
accounts_paymenttransaction_history,updated_at,timestamp with time zone
accounts_paymenttransaction_history,payment_attempt_count,smallint
accounts_paymenttransaction_history,history_id,integer
accounts_paymenttransaction_history,history_date,timestamp with time zone
accounts_paymenttransaction_history,history_change_reason,character varying
accounts_paymenttransaction_history,history_type,character varying
accounts_paymenttransaction_history,asset_id,bigint
accounts_paymenttransaction_history,created_by_id,bigint
accounts_paymenttransaction_history,currency_id,integer
accounts_paymenttransaction_history,history_user_id,bigint
accounts_paymenttransaction_history,lease_transaction_id,bigint
accounts_paymenttransaction_history,mode_of_payment_id,bigint
accounts_paymenttransaction_history,ops_user_id,bigint
accounts_paymenttransaction_history,order_status_id,bigint
accounts_paymenttransaction_history,payer_user_id,bigint
accounts_paymenttransaction_history,payment_status_id,bigint
accounts_paymenttransaction_history,payment_type_id,bigint
accounts_paymenttransaction_history,receiver_user_id,bigint
accounts_paymenttransaction_history,ref_payment_txn_id,bigint
accounts_paymenttransaction_history,sale_transaction_id,bigint
accounts_paymenttransaction_history,updated_by_id,bigint
accounts_paymenttransaction_history,user_invoice_id,bigint
accounts_userinvoice,id,bigint
accounts_userinvoice,invoice_no,character varying
accounts_userinvoice,invoice_title,character varying
accounts_userinvoice,description,character varying
accounts_userinvoice,issue_date,timestamp with time zone
accounts_userinvoice,due_date,timestamp with time zone
accounts_userinvoice,late_fee,numeric
accounts_userinvoice,total_discount,numeric
accounts_userinvoice,total_price,numeric
accounts_userinvoice,tax_amount_1,numeric
accounts_userinvoice,tax_amount_2,numeric
accounts_userinvoice,tax_amount_3,numeric
accounts_userinvoice,created_at,timestamp with time zone
accounts_userinvoice,updated_at,timestamp with time zone
accounts_userinvoice,created_by_id,bigint
accounts_userinvoice,currency_id,integer
accounts_userinvoice,tax_type_1_id,bigint
accounts_userinvoice,tax_type_2_id,bigint
accounts_userinvoice,tax_type_3_id,bigint
accounts_userinvoice,updated_by_id,bigint
accounts_userinvoice,user_id,bigint
accounts_userinvoice,coins_used,integer
accounts_userinvoice,promo_code_id,bigint
accounts_userinvoice_history,id,bigint
accounts_userinvoice_history,invoice_no,character varying
accounts_userinvoice_history,invoice_title,character varying
accounts_userinvoice_history,description,character varying
accounts_userinvoice_history,issue_date,timestamp with time zone
accounts_userinvoice_history,due_date,timestamp with time zone
accounts_userinvoice_history,late_fee,numeric
accounts_userinvoice_history,total_discount,numeric
accounts_userinvoice_history,total_price,numeric
accounts_userinvoice_history,tax_amount_1,numeric
accounts_userinvoice_history,tax_amount_2,numeric
accounts_userinvoice_history,tax_amount_3,numeric
accounts_userinvoice_history,created_at,timestamp with time zone
accounts_userinvoice_history,updated_at,timestamp with time zone
accounts_userinvoice_history,history_id,integer
accounts_userinvoice_history,history_date,timestamp with time zone
accounts_userinvoice_history,history_change_reason,character varying
accounts_userinvoice_history,history_type,character varying
accounts_userinvoice_history,created_by_id,bigint
accounts_userinvoice_history,currency_id,integer
accounts_userinvoice_history,history_user_id,bigint
accounts_userinvoice_history,tax_type_1_id,bigint
accounts_userinvoice_history,tax_type_2_id,bigint
accounts_userinvoice_history,tax_type_3_id,bigint
accounts_userinvoice_history,updated_by_id,bigint
accounts_userinvoice_history,user_id,bigint
accounts_userinvoice_history,coins_used,integer
accounts_userinvoice_history,promo_code_id,bigint
accounts_userinvoiceitem,id,bigint
accounts_userinvoiceitem,item_name,character varying
accounts_userinvoiceitem,no_of_units,smallint
accounts_userinvoiceitem,description,character varying
accounts_userinvoiceitem,unit_price,numeric
accounts_userinvoiceitem,discount,numeric
accounts_userinvoiceitem,pos_price,numeric
accounts_userinvoiceitem,created_at,timestamp with time zone
accounts_userinvoiceitem,updated_at,timestamp with time zone
accounts_userinvoiceitem,created_by_id,bigint
accounts_userinvoiceitem,currency_id,integer
accounts_userinvoiceitem,updated_by_id,bigint
accounts_userinvoiceitem,user_invoice_id,bigint
accounts_userinvoiceitem,service_plan_pricing_id,bigint
accounts_userinvoiceitem,value_bundle_pricing_id,bigint
accounts_userinvoiceitem_history,id,bigint
accounts_userinvoiceitem_history,item_name,character varying
accounts_userinvoiceitem_history,no_of_units,smallint
accounts_userinvoiceitem_history,description,character varying
accounts_userinvoiceitem_history,unit_price,numeric
accounts_userinvoiceitem_history,discount,numeric
accounts_userinvoiceitem_history,pos_price,numeric
accounts_userinvoiceitem_history,created_at,timestamp with time zone
accounts_userinvoiceitem_history,updated_at,timestamp with time zone
accounts_userinvoiceitem_history,history_id,integer
accounts_userinvoiceitem_history,history_date,timestamp with time zone
accounts_userinvoiceitem_history,history_change_reason,character varying
accounts_userinvoiceitem_history,history_type,character varying
accounts_userinvoiceitem_history,created_by_id,bigint
accounts_userinvoiceitem_history,currency_id,integer
accounts_userinvoiceitem_history,history_user_id,bigint
accounts_userinvoiceitem_history,updated_by_id,bigint
accounts_userinvoiceitem_history,user_invoice_id,bigint
accounts_userinvoiceitem_history,service_plan_pricing_id,bigint
accounts_userinvoiceitem_history,value_bundle_pricing_id,bigint
advertisements_advertisement,id,bigint
advertisements_advertisement,title,character varying
advertisements_advertisement,description,character varying
advertisements_advertisement,link,character varying
advertisements_advertisement,total_visits,integer
advertisements_advertisement,expire_date,timestamp with time zone
advertisements_advertisement,created_at,timestamp with time zone
advertisements_advertisement,updated_at,timestamp with time zone
advertisements_advertisement,attachment_id,bigint
advertisements_advertisement,category_id,bigint
advertisements_advertisement,created_by_id,bigint
advertisements_advertisement,updated_by_id,bigint
advertisements_advertisement_history,id,bigint
advertisements_advertisement_history,title,character varying
advertisements_advertisement_history,description,character varying
advertisements_advertisement_history,link,character varying
advertisements_advertisement_history,total_visits,integer
advertisements_advertisement_history,expire_date,timestamp with time zone
advertisements_advertisement_history,created_at,timestamp with time zone
advertisements_advertisement_history,updated_at,timestamp with time zone
advertisements_advertisement_history,history_id,integer
advertisements_advertisement_history,history_date,timestamp with time zone
advertisements_advertisement_history,history_change_reason,character varying
advertisements_advertisement_history,history_type,character varying
advertisements_advertisement_history,attachment_id,bigint
advertisements_advertisement_history,category_id,bigint
advertisements_advertisement_history,created_by_id,bigint
advertisements_advertisement_history,history_user_id,bigint
advertisements_advertisement_history,updated_by_id,bigint
assets_amenity,id,bigint
assets_amenity,name,character varying
assets_amenity,description,text
assets_amenity,created_at,timestamp with time zone
assets_amenity,updated_at,timestamp with time zone
assets_amenity,attachment_id,bigint
assets_amenity,category_id,bigint
assets_amenity,created_by_id,bigint
assets_amenity,updated_by_id,bigint
assets_amenitycategory,id,bigint
assets_amenitycategory,name,character varying
assets_amenitycategory,created_at,timestamp with time zone
assets_amenitycategory,updated_at,timestamp with time zone
assets_amenitycategory,created_by_id,bigint
assets_amenitycategory,updated_by_id,bigint
assets_amenitygroup,id,bigint
assets_amenitygroup,name,character varying
assets_amenitygroup,created_at,timestamp with time zone
assets_amenitygroup,updated_at,timestamp with time zone
assets_amenitygroup,created_by_id,bigint
assets_amenitygroup,updated_by_id,bigint
assets_assetadditionalinfo,id,bigint
assets_assetadditionalinfo,maintenance_amount,numeric
assets_assetadditionalinfo,maintenance_payment_schedule,character varying
assets_assetadditionalinfo,society_contact_name,character varying
assets_assetadditionalinfo,society_office_number,character varying
assets_assetadditionalinfo,society_email,character varying
assets_assetadditionalinfo,account_number,character varying
assets_assetadditionalinfo,ifsc,character varying
assets_assetadditionalinfo,created_at,timestamp with time zone
assets_assetadditionalinfo,updated_at,timestamp with time zone
assets_assetadditionalinfo,asset_id,bigint
assets_assetadditionalinfo,created_by_id,bigint
assets_assetadditionalinfo,maintenance_unit_id,bigint
assets_assetadditionalinfo,updated_by_id,bigint
assets_assetadditionalinfo_history,id,bigint
assets_assetadditionalinfo_history,maintenance_amount,numeric
assets_assetadditionalinfo_history,maintenance_payment_schedule,character varying
assets_assetadditionalinfo_history,society_contact_name,character varying
assets_assetadditionalinfo_history,society_office_number,character varying
assets_assetadditionalinfo_history,society_email,character varying
assets_assetadditionalinfo_history,account_number,character varying
assets_assetadditionalinfo_history,ifsc,character varying
assets_assetadditionalinfo_history,created_at,timestamp with time zone
assets_assetadditionalinfo_history,updated_at,timestamp with time zone
assets_assetadditionalinfo_history,history_id,integer
assets_assetadditionalinfo_history,history_date,timestamp with time zone
assets_assetadditionalinfo_history,history_change_reason,character varying
assets_assetadditionalinfo_history,history_type,character varying
assets_assetadditionalinfo_history,asset_id,bigint
assets_assetadditionalinfo_history,created_by_id,bigint
assets_assetadditionalinfo_history,history_user_id,bigint
assets_assetadditionalinfo_history,maintenance_unit_id,bigint
assets_assetadditionalinfo_history,updated_by_id,bigint
assets_assetamenitygroup,id,bigint
assets_assetamenitygroup,created_at,timestamp with time zone
assets_assetamenitygroup,updated_at,timestamp with time zone
assets_assetamenitygroup,amenity_id,bigint
assets_assetamenitygroup,amenity_group_id,bigint
assets_assetamenitygroup,created_by_id,bigint
assets_assetamenitygroup,updated_by_id,bigint
assets_assetdocument,id,bigint
assets_assetdocument,description,text
assets_assetdocument,created_at,timestamp with time zone
assets_assetdocument,updated_at,timestamp with time zone
assets_assetdocument,asset_id,bigint
assets_assetdocument,attachment_id,bigint
assets_assetdocument,created_by_id,bigint
assets_assetdocument,lease_listing_id,bigint
assets_assetdocument,sale_listing_id,bigint
assets_assetdocument,updated_by_id,bigint
assets_assetdocument,user_id,bigint
assets_assetdocument_history,id,bigint
assets_assetdocument_history,description,text
assets_assetdocument_history,created_at,timestamp with time zone
assets_assetdocument_history,updated_at,timestamp with time zone
assets_assetdocument_history,history_id,integer
assets_assetdocument_history,history_date,timestamp with time zone
assets_assetdocument_history,history_change_reason,character varying
assets_assetdocument_history,history_type,character varying
assets_assetdocument_history,asset_id,bigint
assets_assetdocument_history,attachment_id,bigint
assets_assetdocument_history,created_by_id,bigint
assets_assetdocument_history,history_user_id,bigint
assets_assetdocument_history,lease_listing_id,bigint
assets_assetdocument_history,sale_listing_id,bigint
assets_assetdocument_history,updated_by_id,bigint
assets_assetdocument_history,user_id,bigint
assets_assetgroup,id,integer
assets_assetgroup,name,character varying
assets_assetgroup,code,character varying
assets_assetgroup,created_at,timestamp with time zone
assets_assetgroup,updated_at,timestamp with time zone
assets_assetgroup,created_by_id,bigint
assets_assetgroup,updated_by_id,bigint
assets_assetgroup,color_code,character varying
assets_assetgroup_history,id,integer
assets_assetgroup_history,name,character varying
assets_assetgroup_history,code,character varying
assets_assetgroup_history,created_at,timestamp with time zone
assets_assetgroup_history,updated_at,timestamp with time zone
assets_assetgroup_history,history_id,integer
assets_assetgroup_history,history_date,timestamp with time zone
assets_assetgroup_history,history_change_reason,character varying
assets_assetgroup_history,history_type,character varying
assets_assetgroup_history,history_user_id,bigint
assets_assetgroup_history,created_by_id,bigint
assets_assetgroup_history,updated_by_id,bigint
assets_assetgroup_history,color_code,character varying
assets_assetgroupspacetype,id,integer
assets_assetgroupspacetype,view_on_add,boolean
assets_assetgroupspacetype,asset_group_id,integer
assets_assetgroupspacetype,space_type_id,integer
assets_assetgroupspacetype_history,id,integer
assets_assetgroupspacetype_history,view_on_add,boolean
assets_assetgroupspacetype_history,history_id,integer
assets_assetgroupspacetype_history,history_date,timestamp with time zone
assets_assetgroupspacetype_history,history_change_reason,character varying
assets_assetgroupspacetype_history,history_type,character varying
assets_assetgroupspacetype_history,asset_group_id,integer
assets_assetgroupspacetype_history,history_user_id,bigint
assets_assetgroupspacetype_history,space_type_id,integer
assets_assetspace,id,bigint
assets_assetspace,name,character varying
assets_assetspace,description,character varying
assets_assetspace,is_shared,boolean
assets_assetspace,created_at,timestamp with time zone
assets_assetspace,updated_at,timestamp with time zone
assets_assetspace,asset_id,bigint
assets_assetspace,created_by_id,bigint
assets_assetspace,space_type_id,integer
assets_assetspace,updated_by_id,bigint
assets_assetspaceattachment,id,integer
assets_assetspaceattachment,description,text
assets_assetspaceattachment,is_cover_image,boolean
assets_assetspaceattachment,created_at,timestamp with time zone
assets_assetspaceattachment,updated_at,timestamp with time zone
assets_assetspaceattachment,asset_id,bigint
assets_assetspaceattachment,attachment_id,bigint
assets_assetspaceattachment,created_by_id,bigint
assets_assetspaceattachment,updated_by_id,bigint
assets_assetspaceattachment_history,id,integer
assets_assetspaceattachment_history,description,text
assets_assetspaceattachment_history,is_cover_image,boolean
assets_assetspaceattachment_history,created_at,timestamp with time zone
assets_assetspaceattachment_history,updated_at,timestamp with time zone
assets_assetspaceattachment_history,history_id,integer
assets_assetspaceattachment_history,history_date,timestamp with time zone
assets_assetspaceattachment_history,history_change_reason,character varying
assets_assetspaceattachment_history,history_type,character varying
assets_assetspaceattachment_history,asset_id,bigint
assets_assetspaceattachment_history,attachment_id,bigint
assets_assetspaceattachment_history,created_by_id,bigint
assets_assetspaceattachment_history,history_user_id,bigint
assets_assetspaceattachment_history,updated_by_id,bigint
assets_assettype,id,integer
assets_assettype,name,character varying
assets_assettype,created_at,timestamp with time zone
assets_assettype,updated_at,timestamp with time zone
assets_assettype,asset_group_id,integer
assets_assettype,created_by_id,bigint
assets_assettype,updated_by_id,bigint
assets_assettype_history,id,integer
assets_assettype_history,name,character varying
assets_assettype_history,created_at,timestamp with time zone
assets_assettype_history,updated_at,timestamp with time zone
assets_assettype_history,history_id,integer
assets_assettype_history,history_date,timestamp with time zone
assets_assettype_history,history_change_reason,character varying
assets_assettype_history,history_type,character varying
assets_assettype_history,asset_group_id,integer
assets_assettype_history,history_user_id,bigint
assets_assettype_history,created_by_id,bigint
assets_assettype_history,updated_by_id,bigint
assets_assetuser,id,bigint
assets_assetuser,start_date,timestamp with time zone
assets_assetuser,end_date,timestamp with time zone
assets_assetuser,ownership_percentage,numeric
assets_assetuser,is_current,boolean
assets_assetuser,verified_at,timestamp with time zone
assets_assetuser,created_at,timestamp with time zone
assets_assetuser,updated_at,timestamp with time zone
assets_assetuser,asset_id,bigint
assets_assetuser,created_by_id,bigint
assets_assetuser,updated_by_id,bigint
assets_assetuser,user_id,bigint
assets_assetuser,verified_by_id,bigint
assets_assetuser_history,id,bigint
assets_assetuser_history,start_date,timestamp with time zone
assets_assetuser_history,end_date,timestamp with time zone
assets_assetuser_history,ownership_percentage,numeric
assets_assetuser_history,is_current,boolean
assets_assetuser_history,verified_at,timestamp with time zone
assets_assetuser_history,created_at,timestamp with time zone
assets_assetuser_history,updated_at,timestamp with time zone
assets_assetuser_history,history_id,integer
assets_assetuser_history,history_date,timestamp with time zone
assets_assetuser_history,history_change_reason,character varying
assets_assetuser_history,history_type,character varying
assets_assetuser_history,asset_id,bigint
assets_assetuser_history,created_by_id,bigint
assets_assetuser_history,history_user_id,bigint
assets_assetuser_history,updated_by_id,bigint
assets_assetuser_history,user_id,bigint
assets_assetuser_history,verified_by_id,bigint
assets_assetverificationdocument,id,bigint
assets_assetverificationdocument,is_expired,boolean
assets_assetverificationdocument,created_at,timestamp with time zone
assets_assetverificationdocument,updated_at,timestamp with time zone
assets_assetverificationdocument,verified_at,timestamp with time zone
assets_assetverificationdocument,asset_id,bigint
assets_assetverificationdocument,created_by_id,bigint
assets_assetverificationdocument,document_id,bigint
assets_assetverificationdocument,verification_document_type_id,integer
assets_assetverificationdocument,verified_by_id,bigint
assets_assetverificationdocument,updated_by_id,bigint
assets_assetverificationdocument,remarks,text
assets_assetverificationdocument,status,character varying
assets_assetverificationdocument_history,id,bigint
assets_assetverificationdocument_history,is_expired,boolean
assets_assetverificationdocument_history,created_at,timestamp with time zone
assets_assetverificationdocument_history,updated_at,timestamp with time zone
assets_assetverificationdocument_history,verified_at,timestamp with time zone
assets_assetverificationdocument_history,history_id,integer
assets_assetverificationdocument_history,history_date,timestamp with time zone
assets_assetverificationdocument_history,history_change_reason,character varying
assets_assetverificationdocument_history,history_type,character varying
assets_assetverificationdocument_history,asset_id,bigint
assets_assetverificationdocument_history,created_by_id,bigint
assets_assetverificationdocument_history,document_id,bigint
assets_assetverificationdocument_history,history_user_id,bigint
assets_assetverificationdocument_history,verification_document_type_id,integer
assets_assetverificationdocument_history,verified_by_id,bigint
assets_assetverificationdocument_history,updated_by_id,bigint
assets_assetverificationdocument_history,remarks,text
assets_assetverificationdocument_history,status,character varying
assets_assetverificationdocumenttype,id,integer
assets_assetverificationdocumenttype,category,character varying
assets_assetverificationdocumenttype,name,character varying
assets_assetverificationdocumenttype,title,character varying
assets_assetverificationdocumenttype,label,character varying
assets_assetverificationdocumenttype,icon,character varying
assets_assetverificationdocumenttype,help_text,character varying
assets_assetverificationdocumenttype,description,text
assets_assetverificationdocumenttype,created_at,timestamp with time zone
assets_assetverificationdocumenttype,updated_at,timestamp with time zone
assets_assetverificationdocumenttype,created_by_id,bigint
assets_assetverificationdocumenttype,updated_by_id,bigint
assets_assetverificationdocumenttype_history,id,integer
assets_assetverificationdocumenttype_history,category,character varying
assets_assetverificationdocumenttype_history,name,character varying
assets_assetverificationdocumenttype_history,title,character varying
assets_assetverificationdocumenttype_history,label,character varying
assets_assetverificationdocumenttype_history,icon,character varying
assets_assetverificationdocumenttype_history,help_text,character varying
assets_assetverificationdocumenttype_history,description,text
assets_assetverificationdocumenttype_history,created_at,timestamp with time zone
assets_assetverificationdocumenttype_history,updated_at,timestamp with time zone
assets_assetverificationdocumenttype_history,history_id,integer
assets_assetverificationdocumenttype_history,history_date,timestamp with time zone
assets_assetverificationdocumenttype_history,history_change_reason,character varying
assets_assetverificationdocumenttype_history,history_type,character varying
assets_assetverificationdocumenttype_history,history_user_id,bigint
assets_assetverificationdocumenttype_history,created_by_id,bigint
assets_assetverificationdocumenttype_history,updated_by_id,bigint
assets_carpetareaunit,id,bigint
assets_carpetareaunit,name,character varying
assets_carpetareaunit,label,character varying
assets_carpetareaunit,title,character varying
assets_carpetareaunit,base_conversion_factor,numeric
assets_carpetareaunit,created_at,timestamp with time zone
assets_carpetareaunit,updated_at,timestamp with time zone
assets_carpetareaunit,created_by_id,bigint
assets_carpetareaunit,updated_by_id,bigint
assets_carpetareaunit_history,id,bigint
assets_carpetareaunit_history,name,character varying
assets_carpetareaunit_history,label,character varying
assets_carpetareaunit_history,title,character varying
assets_carpetareaunit_history,base_conversion_factor,numeric
assets_carpetareaunit_history,created_at,timestamp with time zone
assets_carpetareaunit_history,updated_at,timestamp with time zone
assets_carpetareaunit_history,history_id,integer
assets_carpetareaunit_history,history_date,timestamp with time zone
assets_carpetareaunit_history,history_change_reason,character varying
assets_carpetareaunit_history,history_type,character varying
assets_carpetareaunit_history,history_user_id,bigint
assets_carpetareaunit_history,created_by_id,bigint
assets_carpetareaunit_history,updated_by_id,bigint
assets_leaselisting,id,bigint
assets_leaselisting,expected_monthly_rent,numeric
assets_leaselisting,security_deposit,numeric
assets_leaselisting,annual_rent_increment_percentage,numeric
assets_leaselisting,minimum_lease_period,smallint
assets_leaselisting,maximum_lease_period,smallint
assets_leaselisting,rent_free_period,smallint
assets_leaselisting,furnishing,character varying
assets_leaselisting,maintenance_included,boolean
assets_leaselisting,utility_included,boolean
assets_leaselisting,available_from_date,timestamp with time zone
assets_leaselisting,end_date,timestamp with time zone
assets_leaselisting,status,character varying
assets_leaselisting,description,text
assets_leaselisting,approved_at,timestamp with time zone
assets_leaselisting,created_at,timestamp with time zone
assets_leaselisting,updated_at,timestamp with time zone
assets_leaselisting,approved_by_id,bigint
assets_leaselisting,created_by_id,bigint
assets_leaselisting,lease_unit_id,bigint
assets_leaselisting,updated_by_id,bigint
assets_leaselisting,currency_id,integer
assets_leaselisting,total_views,integer
assets_leaselisting_history,id,bigint
assets_leaselisting_history,expected_monthly_rent,numeric
assets_leaselisting_history,security_deposit,numeric
assets_leaselisting_history,annual_rent_increment_percentage,numeric
assets_leaselisting_history,minimum_lease_period,smallint
assets_leaselisting_history,maximum_lease_period,smallint
assets_leaselisting_history,rent_free_period,smallint
assets_leaselisting_history,furnishing,character varying
assets_leaselisting_history,maintenance_included,boolean
assets_leaselisting_history,utility_included,boolean
assets_leaselisting_history,available_from_date,timestamp with time zone
assets_leaselisting_history,end_date,timestamp with time zone
assets_leaselisting_history,status,character varying
assets_leaselisting_history,description,text
assets_leaselisting_history,approved_at,timestamp with time zone
assets_leaselisting_history,created_at,timestamp with time zone
assets_leaselisting_history,updated_at,timestamp with time zone
assets_leaselisting_history,history_id,integer
assets_leaselisting_history,history_date,timestamp with time zone
assets_leaselisting_history,history_change_reason,character varying
assets_leaselisting_history,history_type,character varying
assets_leaselisting_history,approved_by_id,bigint
assets_leaselisting_history,created_by_id,bigint
assets_leaselisting_history,history_user_id,bigint
assets_leaselisting_history,lease_unit_id,bigint
assets_leaselisting_history,updated_by_id,bigint
assets_leaselisting_history,currency_id,integer
assets_leaselisting_history,total_views,integer
assets_leaselistinglead,id,bigint
assets_leaselistinglead,spaces,ARRAY
assets_leaselistinglead,preferred_contact_time,jsonb
assets_leaselistinglead,message,character varying
assets_leaselistinglead,contact_person_type,character varying
assets_leaselistinglead,lead_type,character varying
assets_leaselistinglead,is_wishlisted,boolean
assets_leaselistinglead,created_at,timestamp with time zone
assets_leaselistinglead,updated_at,timestamp with time zone
assets_leaselistinglead,lead_user_id,bigint
assets_leaselistinglead,lease_listing_id,bigint
assets_leaselistinglead,person_contacted_id,bigint
assets_leaselistinglead,user_search_id,bigint
assets_leaselistinglead_history,id,bigint
assets_leaselistinglead_history,spaces,ARRAY
assets_leaselistinglead_history,preferred_contact_time,jsonb
assets_leaselistinglead_history,message,character varying
assets_leaselistinglead_history,contact_person_type,character varying
assets_leaselistinglead_history,lead_type,character varying
assets_leaselistinglead_history,is_wishlisted,boolean
assets_leaselistinglead_history,created_at,timestamp with time zone
assets_leaselistinglead_history,updated_at,timestamp with time zone
assets_leaselistinglead_history,history_id,integer
assets_leaselistinglead_history,history_date,timestamp with time zone
assets_leaselistinglead_history,history_change_reason,character varying
assets_leaselistinglead_history,history_type,character varying
assets_leaselistinglead_history,history_user_id,bigint
assets_leaselistinglead_history,lead_user_id,bigint
assets_leaselistinglead_history,lease_listing_id,bigint
assets_leaselistinglead_history,person_contacted_id,bigint
assets_leaselistinglead_history,user_search_id,bigint
assets_leaselistingtenantpreference,id,integer
assets_leaselistingtenantpreference,lease_listing_id,bigint
assets_leaselistingtenantpreference,tenant_preference_id,bigint
assets_leaselistinguser,id,bigint
assets_leaselistinguser,start_date,timestamp with time zone
assets_leaselistinguser,end_date,timestamp with time zone
assets_leaselistinguser,created_at,timestamp with time zone
assets_leaselistinguser,updated_at,timestamp with time zone
assets_leaselistinguser,created_by_id,bigint
assets_leaselistinguser,lease_listing_id,bigint
assets_leaselistinguser,updated_by_id,bigint
assets_leaselistinguser,user_representative_id,bigint
assets_leaselistinguser_history,id,bigint
assets_leaselistinguser_history,start_date,timestamp with time zone
assets_leaselistinguser_history,end_date,timestamp with time zone
assets_leaselistinguser_history,created_at,timestamp with time zone
assets_leaselistinguser_history,updated_at,timestamp with time zone
assets_leaselistinguser_history,history_id,integer
assets_leaselistinguser_history,history_date,timestamp with time zone
assets_leaselistinguser_history,history_change_reason,character varying
assets_leaselistinguser_history,history_type,character varying
assets_leaselistinguser_history,created_by_id,bigint
assets_leaselistinguser_history,history_user_id,bigint
assets_leaselistinguser_history,lease_listing_id,bigint
assets_leaselistinguser_history,updated_by_id,bigint
assets_leaselistinguser_history,user_representative_id,bigint
assets_leasenegotiation,id,bigint
assets_leasenegotiation,proposed_rent,numeric
assets_leasenegotiation,proposed_deposit,numeric
assets_leasenegotiation,proposed_lease_period,smallint
assets_leasenegotiation,annual_rent_increment_percentage,numeric
assets_leasenegotiation,maintenance_included,boolean
assets_leasenegotiation,utility_included,boolean
assets_leasenegotiation,status,character varying
assets_leasenegotiation,negotiation_start_date,timestamp with time zone
assets_leasenegotiation,negotiation_end_date,timestamp with time zone
assets_leasenegotiation,move_in_date,timestamp with time zone
assets_leasenegotiation,created_at,timestamp with time zone
assets_leasenegotiation,updated_at,timestamp with time zone
assets_leasenegotiation,created_by_id,bigint
assets_leasenegotiation,lease_listing_id,bigint
assets_leasenegotiation,potential_tenant_id,bigint
assets_leasenegotiation,updated_by_id,bigint
assets_leasenegotiation_history,id,bigint
assets_leasenegotiation_history,proposed_rent,numeric
assets_leasenegotiation_history,proposed_deposit,numeric
assets_leasenegotiation_history,proposed_lease_period,smallint
assets_leasenegotiation_history,annual_rent_increment_percentage,numeric
assets_leasenegotiation_history,maintenance_included,boolean
assets_leasenegotiation_history,utility_included,boolean
assets_leasenegotiation_history,status,character varying
assets_leasenegotiation_history,negotiation_start_date,timestamp with time zone
assets_leasenegotiation_history,negotiation_end_date,timestamp with time zone
assets_leasenegotiation_history,move_in_date,timestamp with time zone
assets_leasenegotiation_history,created_at,timestamp with time zone
assets_leasenegotiation_history,updated_at,timestamp with time zone
assets_leasenegotiation_history,history_id,integer
assets_leasenegotiation_history,history_date,timestamp with time zone
assets_leasenegotiation_history,history_change_reason,character varying
assets_leasenegotiation_history,history_type,character varying
assets_leasenegotiation_history,created_by_id,bigint
assets_leasenegotiation_history,history_user_id,bigint
assets_leasenegotiation_history,lease_listing_id,bigint
assets_leasenegotiation_history,potential_tenant_id,bigint
assets_leasenegotiation_history,updated_by_id,bigint
assets_leasetenant,id,bigint
assets_leasetenant,start_date,timestamp with time zone
assets_leasetenant,end_date,timestamp with time zone
assets_leasetenant,feedback,character varying
assets_leasetenant,rental_stay_rating,character varying
assets_leasetenant,is_blacklisted,boolean
assets_leasetenant,blacklisted_reasons,character varying
assets_leasetenant,created_at,timestamp with time zone
assets_leasetenant,updated_at,timestamp with time zone
assets_leasetenant,created_by_id,bigint
assets_leasetenant,lease_transaction_id,bigint
assets_leasetenant,updated_by_id,bigint
assets_leasetenant,user_id,bigint
assets_leasetenant_history,id,bigint
assets_leasetenant_history,start_date,timestamp with time zone
assets_leasetenant_history,end_date,timestamp with time zone
assets_leasetenant_history,feedback,character varying
assets_leasetenant_history,rental_stay_rating,character varying
assets_leasetenant_history,is_blacklisted,boolean
assets_leasetenant_history,blacklisted_reasons,character varying
assets_leasetenant_history,created_at,timestamp with time zone
assets_leasetenant_history,updated_at,timestamp with time zone
assets_leasetenant_history,history_id,integer
assets_leasetenant_history,history_date,timestamp with time zone
assets_leasetenant_history,history_change_reason,character varying
assets_leasetenant_history,history_type,character varying
assets_leasetenant_history,created_by_id,bigint
assets_leasetenant_history,history_user_id,bigint
assets_leasetenant_history,lease_transaction_id,bigint
assets_leasetenant_history,updated_by_id,bigint
assets_leasetenant_history,user_id,bigint
assets_leasetransaction,id,bigint
assets_leasetransaction,rent,numeric
assets_leasetransaction,security_deposit,numeric
assets_leasetransaction,lease_period,smallint
assets_leasetransaction,annual_rent_increment_percentage,numeric
assets_leasetransaction,maintenance_included,boolean
assets_leasetransaction,utility_included,boolean
assets_leasetransaction,status,character varying
assets_leasetransaction,lease_start_date,timestamp with time zone
assets_leasetransaction,lease_end_date,timestamp with time zone
assets_leasetransaction,agreement_date,timestamp with time zone
assets_leasetransaction,created_at,timestamp with time zone
assets_leasetransaction,updated_at,timestamp with time zone
assets_leasetransaction,created_by_id,bigint
assets_leasetransaction,lease_listing_id,bigint
assets_leasetransaction,lease_unit_id,bigint
assets_leasetransaction,updated_by_id,bigint
assets_leasetransaction,currency_id,integer
assets_leasetransaction_history,id,bigint
assets_leasetransaction_history,rent,numeric
assets_leasetransaction_history,security_deposit,numeric
assets_leasetransaction_history,lease_period,smallint
assets_leasetransaction_history,annual_rent_increment_percentage,numeric
assets_leasetransaction_history,maintenance_included,boolean
assets_leasetransaction_history,utility_included,boolean
assets_leasetransaction_history,status,character varying
assets_leasetransaction_history,lease_start_date,timestamp with time zone
assets_leasetransaction_history,lease_end_date,timestamp with time zone
assets_leasetransaction_history,agreement_date,timestamp with time zone
assets_leasetransaction_history,created_at,timestamp with time zone
assets_leasetransaction_history,updated_at,timestamp with time zone
assets_leasetransaction_history,history_id,integer
assets_leasetransaction_history,history_date,timestamp with time zone
assets_leasetransaction_history,history_change_reason,character varying
assets_leasetransaction_history,history_type,character varying
assets_leasetransaction_history,created_by_id,bigint
assets_leasetransaction_history,history_user_id,bigint
assets_leasetransaction_history,lease_listing_id,bigint
assets_leasetransaction_history,lease_unit_id,bigint
assets_leasetransaction_history,updated_by_id,bigint
assets_leasetransaction_history,currency_id,integer
assets_leaseunit,id,bigint
assets_leaseunit,name,character varying
assets_leaseunit,end_date,timestamp with time zone
assets_leaseunit,created_at,timestamp with time zone
assets_leaseunit,updated_at,timestamp with time zone
assets_leaseunit,description,text
assets_leaseunit,asset_id,bigint
assets_leaseunit,created_by_id,bigint
assets_leaseunit,updated_by_id,bigint
assets_leaseunit_history,id,bigint
assets_leaseunit_history,name,character varying
assets_leaseunit_history,end_date,timestamp with time zone
assets_leaseunit_history,created_at,timestamp with time zone
assets_leaseunit_history,updated_at,timestamp with time zone
assets_leaseunit_history,description,text
assets_leaseunit_history,history_id,integer
assets_leaseunit_history,history_date,timestamp with time zone
assets_leaseunit_history,history_change_reason,character varying
assets_leaseunit_history,history_type,character varying
assets_leaseunit_history,asset_id,bigint
assets_leaseunit_history,created_by_id,bigint
assets_leaseunit_history,history_user_id,bigint
assets_leaseunit_history,updated_by_id,bigint
assets_leaseunitdetail,id,bigint
assets_leaseunitdetail,end_date,timestamp with time zone
assets_leaseunitdetail,created_at,timestamp with time zone
assets_leaseunitdetail,updated_at,timestamp with time zone
assets_leaseunitdetail,asset_space_id,bigint
assets_leaseunitdetail,created_by_id,bigint
assets_leaseunitdetail,lease_unit_id,bigint
assets_leaseunitdetail,updated_by_id,bigint
assets_leaseunitdetail_history,id,bigint
assets_leaseunitdetail_history,end_date,timestamp with time zone
assets_leaseunitdetail_history,created_at,timestamp with time zone
assets_leaseunitdetail_history,updated_at,timestamp with time zone
assets_leaseunitdetail_history,history_id,integer
assets_leaseunitdetail_history,history_date,timestamp with time zone
assets_leaseunitdetail_history,history_change_reason,character varying
assets_leaseunitdetail_history,history_type,character varying
assets_leaseunitdetail_history,asset_space_id,bigint
assets_leaseunitdetail_history,created_by_id,bigint
assets_leaseunitdetail_history,history_user_id,bigint
assets_leaseunitdetail_history,lease_unit_id,bigint
assets_leaseunitdetail_history,updated_by_id,bigint
assets_listingvisit,id,bigint
assets_listingvisit,visit_type,character varying
assets_listingvisit,start_date,timestamp with time zone
assets_listingvisit,end_date,timestamp with time zone
assets_listingvisit,comments,text
assets_listingvisit,status,character varying
assets_listingvisit,created_at,timestamp with time zone
assets_listingvisit,updated_at,timestamp with time zone
assets_listingvisit,asset_id,bigint
assets_listingvisit,created_by_id,bigint
assets_listingvisit,lead_id,bigint
assets_listingvisit,lease_listing_id,bigint
assets_listingvisit,sale_listing_id,bigint
assets_listingvisit,scheduled_by_id,bigint
assets_listingvisit,scheduled_for_id,bigint
assets_listingvisit,updated_by_id,bigint
assets_listingvisit_history,id,bigint
assets_listingvisit_history,visit_type,character varying
assets_listingvisit_history,start_date,timestamp with time zone
assets_listingvisit_history,end_date,timestamp with time zone
assets_listingvisit_history,comments,text
assets_listingvisit_history,status,character varying
assets_listingvisit_history,created_at,timestamp with time zone
assets_listingvisit_history,updated_at,timestamp with time zone
assets_listingvisit_history,history_id,integer
assets_listingvisit_history,history_date,timestamp with time zone
assets_listingvisit_history,history_change_reason,character varying
assets_listingvisit_history,history_type,character varying
assets_listingvisit_history,asset_id,bigint
assets_listingvisit_history,created_by_id,bigint
assets_listingvisit_history,history_user_id,bigint
assets_listingvisit_history,lead_id,bigint
assets_listingvisit_history,lease_listing_id,bigint
assets_listingvisit_history,sale_listing_id,bigint
assets_listingvisit_history,scheduled_by_id,bigint
assets_listingvisit_history,scheduled_for_id,bigint
assets_listingvisit_history,updated_by_id,bigint
assets_project,id,bigint
assets_project,name,character varying
assets_project,created_at,timestamp with time zone
assets_project,updated_at,timestamp with time zone
assets_project,asset_amenity_group_id,bigint
assets_project,created_by_id,bigint
assets_project,updated_by_id,bigint
assets_project_history,id,bigint
assets_project_history,name,character varying
assets_project_history,created_at,timestamp with time zone
assets_project_history,updated_at,timestamp with time zone
assets_project_history,history_id,integer
assets_project_history,history_date,timestamp with time zone
assets_project_history,history_change_reason,character varying
assets_project_history,history_type,character varying
assets_project_history,asset_amenity_group_id,bigint
assets_project_history,created_by_id,bigint
assets_project_history,history_user_id,bigint
assets_project_history,updated_by_id,bigint
assets_renttransaction,id,bigint
assets_renttransaction,rent_month,character varying
assets_renttransaction,payment_method,character varying
assets_renttransaction,rent_amount,numeric
assets_renttransaction,created_at,timestamp with time zone
assets_renttransaction,updated_at,timestamp with time zone
assets_renttransaction,created_by_id,bigint
assets_renttransaction,lease_transaction_id,bigint
assets_renttransaction,lease_unit_id,bigint
assets_renttransaction,payment_transaction_id,bigint
assets_renttransaction,updated_by_id,bigint
assets_renttransaction_history,id,bigint
assets_renttransaction_history,rent_month,character varying
assets_renttransaction_history,payment_method,character varying
assets_renttransaction_history,rent_amount,numeric
assets_renttransaction_history,created_at,timestamp with time zone
assets_renttransaction_history,updated_at,timestamp with time zone
assets_renttransaction_history,history_id,integer
assets_renttransaction_history,history_date,timestamp with time zone
assets_renttransaction_history,history_change_reason,character varying
assets_renttransaction_history,history_type,character varying
assets_renttransaction_history,created_by_id,bigint
assets_renttransaction_history,history_user_id,bigint
assets_renttransaction_history,lease_transaction_id,bigint
assets_renttransaction_history,lease_unit_id,bigint
assets_renttransaction_history,payment_transaction_id,bigint
assets_renttransaction_history,updated_by_id,bigint
assets_salelisting,id,bigint
assets_salelisting,expected_price,numeric
assets_salelisting,expected_booking_amount,numeric
assets_salelisting,available_from_date,date
assets_salelisting,booking_amount_grace_period,smallint
assets_salelisting,end_date,timestamp with time zone
assets_salelisting,status,character varying
assets_salelisting,description,text
assets_salelisting,approved_at,timestamp with time zone
assets_salelisting,created_at,timestamp with time zone
assets_salelisting,updated_at,timestamp with time zone
assets_salelisting,approved_by_id,bigint
assets_salelisting,asset_id,bigint
assets_salelisting,created_by_id,bigint
assets_salelisting,updated_by_id,bigint
assets_salelisting,currency_id,integer
assets_salelisting,total_views,integer
assets_salelisting_history,id,bigint
assets_salelisting_history,expected_price,numeric
assets_salelisting_history,expected_booking_amount,numeric
assets_salelisting_history,available_from_date,date
assets_salelisting_history,booking_amount_grace_period,smallint
assets_salelisting_history,end_date,timestamp with time zone
assets_salelisting_history,status,character varying
assets_salelisting_history,description,text
assets_salelisting_history,approved_at,timestamp with time zone
assets_salelisting_history,created_at,timestamp with time zone
assets_salelisting_history,updated_at,timestamp with time zone
assets_salelisting_history,history_id,integer
assets_salelisting_history,history_date,timestamp with time zone
assets_salelisting_history,history_change_reason,character varying
assets_salelisting_history,history_type,character varying
assets_salelisting_history,approved_by_id,bigint
assets_salelisting_history,asset_id,bigint
assets_salelisting_history,created_by_id,bigint
assets_salelisting_history,history_user_id,bigint
assets_salelisting_history,updated_by_id,bigint
assets_salelisting_history,currency_id,integer
assets_salelisting_history,total_views,integer
assets_salelistinglead,id,bigint
assets_salelistinglead,spaces,ARRAY
assets_salelistinglead,preferred_contact_time,jsonb
assets_salelistinglead,message,character varying
assets_salelistinglead,contact_person_type,character varying
assets_salelistinglead,lead_type,character varying
assets_salelistinglead,is_wishlisted,boolean
assets_salelistinglead,created_at,timestamp with time zone
assets_salelistinglead,updated_at,timestamp with time zone
assets_salelistinglead,lead_user_id,bigint
assets_salelistinglead,person_contacted_id,bigint
assets_salelistinglead,sale_listing_id,bigint
assets_salelistinglead,user_search_id,bigint
assets_salelistinglead_history,id,bigint
assets_salelistinglead_history,spaces,ARRAY
assets_salelistinglead_history,preferred_contact_time,jsonb
assets_salelistinglead_history,message,character varying
assets_salelistinglead_history,contact_person_type,character varying
assets_salelistinglead_history,lead_type,character varying
assets_salelistinglead_history,is_wishlisted,boolean
assets_salelistinglead_history,created_at,timestamp with time zone
assets_salelistinglead_history,updated_at,timestamp with time zone
assets_salelistinglead_history,history_id,integer
assets_salelistinglead_history,history_date,timestamp with time zone
assets_salelistinglead_history,history_change_reason,character varying
assets_salelistinglead_history,history_type,character varying
assets_salelistinglead_history,history_user_id,bigint
assets_salelistinglead_history,lead_user_id,bigint
assets_salelistinglead_history,person_contacted_id,bigint
assets_salelistinglead_history,sale_listing_id,bigint
assets_salelistinglead_history,user_search_id,bigint
assets_salelistinguser,id,bigint
assets_salelistinguser,start_date,timestamp with time zone
assets_salelistinguser,end_date,timestamp with time zone
assets_salelistinguser,created_at,timestamp with time zone
assets_salelistinguser,updated_at,timestamp with time zone
assets_salelistinguser,created_by_id,bigint
assets_salelistinguser,sale_listing_id,bigint
assets_salelistinguser,updated_by_id,bigint
assets_salelistinguser,user_representative_id,bigint
assets_salelistinguser_history,id,bigint
assets_salelistinguser_history,start_date,timestamp with time zone
assets_salelistinguser_history,end_date,timestamp with time zone
assets_salelistinguser_history,created_at,timestamp with time zone
assets_salelistinguser_history,updated_at,timestamp with time zone
assets_salelistinguser_history,history_id,integer
assets_salelistinguser_history,history_date,timestamp with time zone
assets_salelistinguser_history,history_change_reason,character varying
assets_salelistinguser_history,history_type,character varying
assets_salelistinguser_history,created_by_id,bigint
assets_salelistinguser_history,history_user_id,bigint
assets_salelistinguser_history,sale_listing_id,bigint
assets_salelistinguser_history,updated_by_id,bigint
assets_salelistinguser_history,user_representative_id,bigint
assets_salenegotiation,id,bigint
assets_salenegotiation,proposed_price,numeric
assets_salenegotiation,proposed_booking_amount,numeric
assets_salenegotiation,status,character varying
assets_salenegotiation,created_at,timestamp with time zone
assets_salenegotiation,updated_at,timestamp with time zone
assets_salenegotiation,created_by_id,bigint
assets_salenegotiation,potential_buyer_id,bigint
assets_salenegotiation,sale_listing_id,bigint
assets_salenegotiation,updated_by_id,bigint
assets_salenegotiation_history,id,bigint
assets_salenegotiation_history,proposed_price,numeric
assets_salenegotiation_history,proposed_booking_amount,numeric
assets_salenegotiation_history,status,character varying
assets_salenegotiation_history,created_at,timestamp with time zone
assets_salenegotiation_history,updated_at,timestamp with time zone
assets_salenegotiation_history,history_id,integer
assets_salenegotiation_history,history_date,timestamp with time zone
assets_salenegotiation_history,history_change_reason,character varying
assets_salenegotiation_history,history_type,character varying
assets_salenegotiation_history,created_by_id,bigint
assets_salenegotiation_history,history_user_id,bigint
assets_salenegotiation_history,potential_buyer_id,bigint
assets_salenegotiation_history,sale_listing_id,bigint
assets_salenegotiation_history,updated_by_id,bigint
assets_saletransaction,id,bigint
assets_saletransaction,price,numeric
assets_saletransaction,booking_amount,numeric
assets_saletransaction,created_at,timestamp with time zone
assets_saletransaction,updated_at,timestamp with time zone
assets_saletransaction,asset_id,bigint
assets_saletransaction,buyer_id,bigint
assets_saletransaction,created_by_id,bigint
assets_saletransaction,sale_listing_id,bigint
assets_saletransaction,updated_by_id,bigint
assets_saletransaction,currency_id,integer
assets_saletransaction_history,id,bigint
assets_saletransaction_history,price,numeric
assets_saletransaction_history,booking_amount,numeric
assets_saletransaction_history,created_at,timestamp with time zone
assets_saletransaction_history,updated_at,timestamp with time zone
assets_saletransaction_history,history_id,integer
assets_saletransaction_history,history_date,timestamp with time zone
assets_saletransaction_history,history_change_reason,character varying
assets_saletransaction_history,history_type,character varying
assets_saletransaction_history,asset_id,bigint
assets_saletransaction_history,buyer_id,bigint
assets_saletransaction_history,created_by_id,bigint
assets_saletransaction_history,history_user_id,bigint
assets_saletransaction_history,sale_listing_id,bigint
assets_saletransaction_history,updated_by_id,bigint
assets_saletransaction_history,currency_id,integer
assets_spacetype,id,integer
assets_spacetype,name,character varying
assets_spacetype,field_type,character varying
assets_spacetype,is_primary,boolean
assets_spacetype,is_mandatory,boolean
assets_spacetype,created_at,timestamp with time zone
assets_spacetype,updated_at,timestamp with time zone
assets_spacetype,attachment_id,bigint
assets_spacetype,created_by_id,bigint
assets_spacetype,updated_by_id,bigint
assets_spacetype,code,character varying
assets_spacetype_history,id,integer
assets_spacetype_history,name,character varying
assets_spacetype_history,field_type,character varying
assets_spacetype_history,is_primary,boolean
assets_spacetype_history,is_mandatory,boolean
assets_spacetype_history,created_at,timestamp with time zone
assets_spacetype_history,updated_at,timestamp with time zone
assets_spacetype_history,history_id,integer
assets_spacetype_history,history_date,timestamp with time zone
assets_spacetype_history,history_change_reason,character varying
assets_spacetype_history,history_type,character varying
assets_spacetype_history,attachment_id,bigint
assets_spacetype_history,history_user_id,bigint
assets_spacetype_history,created_by_id,bigint
assets_spacetype_history,updated_by_id,bigint
assets_spacetype_history,code,character varying
assets_tenantpreference,id,bigint
assets_tenantpreference,name,character varying
assets_tenantpreference,created_at,timestamp with time zone
assets_tenantpreference,updated_at,timestamp with time zone
assets_tenantpreference,asset_type_id,integer
assets_tenantpreference,country_id,integer
assets_tenantpreference,created_by_id,bigint
assets_tenantpreference,region_id,integer
assets_tenantpreference,updated_by_id,bigint
assets_tenantpreference_history,id,bigint
assets_tenantpreference_history,name,character varying
assets_tenantpreference_history,created_at,timestamp with time zone
assets_tenantpreference_history,updated_at,timestamp with time zone
assets_tenantpreference_history,history_id,integer
assets_tenantpreference_history,history_date,timestamp with time zone
assets_tenantpreference_history,history_change_reason,character varying
assets_tenantpreference_history,history_type,character varying
assets_tenantpreference_history,asset_type_id,integer
assets_tenantpreference_history,country_id,integer
assets_tenantpreference_history,created_by_id,bigint
assets_tenantpreference_history,history_user_id,bigint
assets_tenantpreference_history,region_id,integer
assets_tenantpreference_history,updated_by_id,bigint
assets_usersearch,id,bigint
assets_usersearch,is_guest,boolean
assets_usersearch,search_latitude,numeric
assets_usersearch,search_longitude,numeric
assets_usersearch,asset_transaction_type,text
assets_usersearch,device_type,character varying
assets_usersearch,browser_type,character varying
assets_usersearch,asset_type,ARRAY
assets_usersearch,user_location_latitude,numeric
assets_usersearch,user_location_longitude,numeric
assets_usersearch,ip_address,inet
assets_usersearch,results_count,integer
assets_usersearch,min_price,bigint
assets_usersearch,max_price,bigint
assets_usersearch,furnishing_status,character varying
assets_usersearch,room_count,ARRAY
assets_usersearch,bath_count,ARRAY
assets_usersearch,is_verified,boolean
assets_usersearch,miscellaneous_search_criteria,jsonb
assets_usersearch,created_at,timestamp with time zone
assets_usersearch,updated_at,timestamp with time zone
assets_usersearch,asset_group_id,integer
assets_usersearch,user_id,bigint
assets_usersearch_history,id,bigint
assets_usersearch_history,is_guest,boolean
assets_usersearch_history,search_latitude,numeric
assets_usersearch_history,search_longitude,numeric
assets_usersearch_history,asset_transaction_type,text
assets_usersearch_history,device_type,character varying
assets_usersearch_history,browser_type,character varying
assets_usersearch_history,asset_type,ARRAY
assets_usersearch_history,user_location_latitude,numeric
assets_usersearch_history,user_location_longitude,numeric
assets_usersearch_history,ip_address,inet
assets_usersearch_history,results_count,integer
assets_usersearch_history,min_price,bigint
assets_usersearch_history,max_price,bigint
assets_usersearch_history,furnishing_status,character varying
assets_usersearch_history,room_count,ARRAY
assets_usersearch_history,bath_count,ARRAY
assets_usersearch_history,is_verified,boolean
assets_usersearch_history,miscellaneous_search_criteria,jsonb
assets_usersearch_history,created_at,timestamp with time zone
assets_usersearch_history,updated_at,timestamp with time zone
assets_usersearch_history,history_id,integer
assets_usersearch_history,history_date,timestamp with time zone
assets_usersearch_history,history_change_reason,character varying
assets_usersearch_history,history_type,character varying
assets_usersearch_history,asset_group_id,integer
assets_usersearch_history,history_user_id,bigint
assets_usersearch_history,user_id,bigint
attachments_attachment,id,bigint
attachments_attachment,original_name,character varying
attachments_attachment,unique_name,character varying
attachments_attachment,attachment_type,character varying
attachments_attachment,mime_type,character varying
attachments_attachment,link,character varying
attachments_attachment,size_in_bytes,integer
attachments_attachment,media_attributes,jsonb
attachments_attachment,is_associated,boolean
attachments_attachment,is_public,boolean
attachments_attachment,created_at,timestamp with time zone
attachments_attachment,updated_at,timestamp with time zone
attachments_attachment,created_by_id,bigint
attachments_attachment,updated_by_id,bigint
attachments_attachment_history,id,bigint
attachments_attachment_history,original_name,character varying
attachments_attachment_history,unique_name,character varying
attachments_attachment_history,attachment_type,character varying
attachments_attachment_history,mime_type,character varying
attachments_attachment_history,link,character varying
attachments_attachment_history,size_in_bytes,integer
attachments_attachment_history,media_attributes,jsonb
attachments_attachment_history,is_associated,boolean
attachments_attachment_history,is_public,boolean
attachments_attachment_history,created_at,timestamp with time zone
attachments_attachment_history,updated_at,timestamp with time zone
attachments_attachment_history,history_id,integer
attachments_attachment_history,history_date,timestamp with time zone
attachments_attachment_history,history_change_reason,character varying
attachments_attachment_history,history_type,character varying
attachments_attachment_history,created_by_id,bigint
attachments_attachment_history,history_user_id,bigint
attachments_attachment_history,updated_by_id,bigint
auth_group,id,integer
auth_group,name,character varying
auth_group_permissions,id,integer
auth_group_permissions,group_id,integer
auth_group_permissions,permission_id,integer
auth_permission,id,integer
auth_permission,name,character varying
auth_permission,content_type_id,integer
auth_permission,codename,character varying
client_support_clientsupport,id,bigint
client_support_clientsupport,title,character varying
client_support_clientsupport,description,text
client_support_clientsupport,status,character varying
client_support_clientsupport,created_at,timestamp with time zone
client_support_clientsupport,updated_at,timestamp with time zone
client_support_clientsupport,created_by_id,bigint
client_support_clientsupport,raised_by_id,bigint
client_support_clientsupport,support_category_id,bigint
client_support_clientsupport,updated_by_id,bigint
client_support_clientsupport_history,id,bigint
client_support_clientsupport_history,title,character varying
client_support_clientsupport_history,description,text
client_support_clientsupport_history,status,character varying
client_support_clientsupport_history,created_at,timestamp with time zone
client_support_clientsupport_history,updated_at,timestamp with time zone
client_support_clientsupport_history,history_id,integer
client_support_clientsupport_history,history_date,timestamp with time zone
client_support_clientsupport_history,history_change_reason,character varying
client_support_clientsupport_history,history_type,character varying
client_support_clientsupport_history,created_by_id,bigint
client_support_clientsupport_history,history_user_id,bigint
client_support_clientsupport_history,raised_by_id,bigint
client_support_clientsupport_history,support_category_id,bigint
client_support_clientsupport_history,updated_by_id,bigint
client_support_clientsupportattachment,id,bigint
client_support_clientsupportattachment,attachment_id,bigint
client_support_clientsupportattachment,client_support_id,bigint
client_support_clientsupportattachment_history,id,bigint
client_support_clientsupportattachment_history,history_id,integer
client_support_clientsupportattachment_history,history_date,timestamp with time zone
client_support_clientsupportattachment_history,history_change_reason,character varying
client_support_clientsupportattachment_history,history_type,character varying
client_support_clientsupportattachment_history,attachment_id,bigint
client_support_clientsupportattachment_history,client_support_id,bigint
client_support_clientsupportattachment_history,history_user_id,bigint
django_admin_log,id,integer
django_admin_log,action_time,timestamp with time zone
django_admin_log,object_id,text
django_admin_log,object_repr,character varying
django_admin_log,action_flag,smallint
django_admin_log,change_message,text
django_admin_log,content_type_id,integer
django_admin_log,user_id,bigint
django_content_type,id,integer
django_content_type,app_label,character varying
django_content_type,model,character varying
django_migrations,id,integer
django_migrations,app,character varying
django_migrations,name,character varying
django_migrations,applied,timestamp with time zone
django_q_ormq,id,integer
django_q_ormq,key,character varying
django_q_ormq,payload,text
django_q_ormq,lock,timestamp with time zone
django_q_schedule,id,integer
django_q_schedule,func,character varying
django_q_schedule,hook,character varying
django_q_schedule,args,text
django_q_schedule,kwargs,text
django_q_schedule,schedule_type,character varying
django_q_schedule,repeats,integer
django_q_schedule,next_run,timestamp with time zone
django_q_schedule,task,character varying
django_q_schedule,name,character varying
django_q_schedule,minutes,smallint
django_q_schedule,cron,character varying
django_q_task,name,character varying
django_q_task,func,character varying
django_q_task,hook,character varying
django_q_task,args,text
django_q_task,kwargs,text
django_q_task,result,text
django_q_task,started,timestamp with time zone
django_q_task,stopped,timestamp with time zone
django_q_task,success,boolean
django_q_task,id,character varying
django_q_task,group,character varying
django_q_task,attempt_count,integer
django_session,session_key,character varying
django_session,session_data,text
django_session,expire_date,timestamp with time zone
leads_lead,id,bigint
leads_lead,first_name,character varying
leads_lead,last_name,character varying
leads_lead,phone_code,character varying
leads_lead,primary_phone_number,character varying
leads_lead,secondary_phone_number,character varying
leads_lead,email,character varying
leads_lead,is_corporate,boolean
leads_lead,min_budget,numeric
leads_lead,max_budget,numeric
leads_lead,furnishing_status,character varying
leads_lead,carpet_area,numeric
leads_lead,expected_price,numeric
leads_lead,available_from_date,timestamp with time zone
leads_lead,assigned_at,timestamp with time zone
leads_lead,comments,text
leads_lead,loe_status,character varying
leads_lead,created_at,timestamp with time zone
leads_lead,updated_at,timestamp with time zone
leads_lead,amenity_group_id,bigint
leads_lead,asset_type_id,integer
leads_lead,assigned_by_id,bigint
leads_lead,assigned_to_id,bigint
leads_lead,carpet_area_unit_id,bigint
leads_lead,lead_source_id,bigint
leads_lead,lead_stage_id,bigint
leads_lead,lead_type_id,bigint
leads_lead,referred_by_id,bigint
leads_lead,user_id,bigint
leads_lead,user_rep_id,bigint
leads_lead_history,id,bigint
leads_lead_history,first_name,character varying
leads_lead_history,last_name,character varying
leads_lead_history,phone_code,character varying
leads_lead_history,primary_phone_number,character varying
leads_lead_history,secondary_phone_number,character varying
leads_lead_history,email,character varying
leads_lead_history,is_corporate,boolean
leads_lead_history,min_budget,numeric
leads_lead_history,max_budget,numeric
leads_lead_history,furnishing_status,character varying
leads_lead_history,carpet_area,numeric
leads_lead_history,expected_price,numeric
leads_lead_history,available_from_date,timestamp with time zone
leads_lead_history,assigned_at,timestamp with time zone
leads_lead_history,comments,text
leads_lead_history,loe_status,character varying
leads_lead_history,created_at,timestamp with time zone
leads_lead_history,updated_at,timestamp with time zone
leads_lead_history,history_id,integer
leads_lead_history,history_date,timestamp with time zone
leads_lead_history,history_change_reason,character varying
leads_lead_history,history_type,character varying
leads_lead_history,amenity_group_id,bigint
leads_lead_history,asset_type_id,integer
leads_lead_history,assigned_by_id,bigint
leads_lead_history,assigned_to_id,bigint
leads_lead_history,carpet_area_unit_id,bigint
leads_lead_history,history_user_id,bigint
leads_lead_history,lead_source_id,bigint
leads_lead_history,lead_stage_id,bigint
leads_lead_history,lead_type_id,bigint
leads_lead_history,referred_by_id,bigint
leads_lead_history,user_id,bigint
leads_lead_history,user_rep_id,bigint
leads_leadstage,id,bigint
leads_leadstage,stage,integer
leads_leadstage,title,character varying
leads_leadstage,created_at,timestamp with time zone
leads_leadstage,updated_at,timestamp with time zone
leads_leadstage,asset_group_id,integer
leads_leadstage,lead_txn_type_id,bigint
leads_leadstage_history,id,bigint
leads_leadstage_history,stage,integer
leads_leadstage_history,title,character varying
leads_leadstage_history,created_at,timestamp with time zone
leads_leadstage_history,updated_at,timestamp with time zone
leads_leadstage_history,history_id,integer
leads_leadstage_history,history_date,timestamp with time zone
leads_leadstage_history,history_change_reason,character varying
leads_leadstage_history,history_type,character varying
leads_leadstage_history,asset_group_id,integer
leads_leadstage_history,history_user_id,bigint
leads_leadstage_history,lead_txn_type_id,bigint
list_of_values_listofvalue,id,bigint
list_of_values_listofvalue,table_name,character varying
list_of_values_listofvalue,column_name,character varying
list_of_values_listofvalue,code,character varying
list_of_values_listofvalue,list_label,character varying
list_of_values_listofvalue,list_value,character varying
list_of_values_listofvalue,created_at,timestamp with time zone
list_of_values_listofvalue,updated_at,timestamp with time zone
list_of_values_listofvalue,content_type_id,integer
list_of_values_listofvalue,created_by_id,bigint
list_of_values_listofvalue,updated_by_id,bigint
list_of_values_listofvalue_history,id,bigint
list_of_values_listofvalue_history,table_name,character varying
list_of_values_listofvalue_history,column_name,character varying
list_of_values_listofvalue_history,code,character varying
list_of_values_listofvalue_history,list_label,character varying
list_of_values_listofvalue_history,list_value,character varying
list_of_values_listofvalue_history,created_at,timestamp with time zone
list_of_values_listofvalue_history,updated_at,timestamp with time zone
list_of_values_listofvalue_history,history_id,integer
list_of_values_listofvalue_history,history_date,timestamp with time zone
list_of_values_listofvalue_history,history_change_reason,character varying
list_of_values_listofvalue_history,history_type,character varying
list_of_values_listofvalue_history,content_type_id,integer
list_of_values_listofvalue_history,history_user_id,bigint
list_of_values_listofvalue_history,created_by_id,bigint
list_of_values_listofvalue_history,updated_by_id,bigint
notifications_notification,id,bigint
notifications_notification,title,character varying
notifications_notification,message,character varying
notifications_notification,read_at,timestamp with time zone
notifications_notification,additional_metadata,jsonb
notifications_notification,created_at,timestamp with time zone
notifications_notification,object_id,bigint
notifications_notification,actor_id,bigint
notifications_notification,asset_id,bigint
notifications_notification,content_type_id,integer
notifications_notification,lease_listing_id,bigint
notifications_notification,notification_type_id,bigint
notifications_notification,sale_listing_id,bigint
notifications_notification,user_id,bigint
notifications_notification_history,id,bigint
notifications_notification_history,title,character varying
notifications_notification_history,message,character varying
notifications_notification_history,read_at,timestamp with time zone
notifications_notification_history,additional_metadata,jsonb
notifications_notification_history,created_at,timestamp with time zone
notifications_notification_history,object_id,bigint
notifications_notification_history,history_id,integer
notifications_notification_history,history_date,timestamp with time zone
notifications_notification_history,history_change_reason,character varying
notifications_notification_history,history_type,character varying
notifications_notification_history,actor_id,bigint
notifications_notification_history,asset_id,bigint
notifications_notification_history,content_type_id,integer
notifications_notification_history,history_user_id,bigint
notifications_notification_history,lease_listing_id,bigint
notifications_notification_history,notification_type_id,bigint
notifications_notification_history,sale_listing_id,bigint
notifications_notification_history,user_id,bigint
notifications_notificationtype,id,bigint
notifications_notificationtype,name,character varying
notifications_notificationtype,label,character varying
notifications_notificationtype,priority,smallint
notifications_notificationtype,created_at,timestamp with time zone
notifications_notificationtype,updated_at,timestamp with time zone
notifications_notificationtype,attachment_id,bigint
notifications_notificationtype,created_by_id,bigint
notifications_notificationtype,updated_by_id,bigint
notifications_notificationtype_history,id,bigint
notifications_notificationtype_history,name,character varying
notifications_notificationtype_history,label,character varying
notifications_notificationtype_history,priority,smallint
notifications_notificationtype_history,created_at,timestamp with time zone
notifications_notificationtype_history,updated_at,timestamp with time zone
notifications_notificationtype_history,history_id,integer
notifications_notificationtype_history,history_date,timestamp with time zone
notifications_notificationtype_history,history_change_reason,character varying
notifications_notificationtype_history,history_type,character varying
notifications_notificationtype_history,attachment_id,bigint
notifications_notificationtype_history,created_by_id,bigint
notifications_notificationtype_history,history_user_id,bigint
notifications_notificationtype_history,updated_by_id,bigint
services_homzhubpointsdefinition,id,bigint
services_homzhubpointsdefinition,end_date,timestamp with time zone
services_homzhubpointsdefinition,created_at,timestamp with time zone
services_homzhubpointsdefinition,updated_at,timestamp with time zone
services_homzhubpointsdefinition,category_id,bigint
services_homzhubpointsdefinition,created_by_id,bigint
services_homzhubpointsdefinition,unit_currency_id,integer
services_homzhubpointsdefinition,updated_by_id,bigint
services_homzhubpointsdefinition,points,integer
services_homzhubpointsdefinition,unit_value_point,numeric
services_homzhubpointsdefinition_history,id,bigint
services_homzhubpointsdefinition_history,end_date,timestamp with time zone
services_homzhubpointsdefinition_history,created_at,timestamp with time zone
services_homzhubpointsdefinition_history,updated_at,timestamp with time zone
services_homzhubpointsdefinition_history,history_id,integer
services_homzhubpointsdefinition_history,history_date,timestamp with time zone
services_homzhubpointsdefinition_history,history_change_reason,character varying
services_homzhubpointsdefinition_history,history_type,character varying
services_homzhubpointsdefinition_history,category_id,bigint
services_homzhubpointsdefinition_history,created_by_id,bigint
services_homzhubpointsdefinition_history,history_user_id,bigint
services_homzhubpointsdefinition_history,unit_currency_id,integer
services_homzhubpointsdefinition_history,updated_by_id,bigint
services_homzhubpointsdefinition_history,points,integer
services_homzhubpointsdefinition_history,unit_value_point,numeric
services_promotionrule,id,bigint
services_promotionrule,name,character varying
services_promotionrule,promo_code,character varying
services_promotionrule,promo_communication,character varying
services_promotionrule,promotions_per_user,smallint
services_promotionrule,base_cart_value,numeric
services_promotionrule,users_limit,smallint
services_promotionrule,is_active,boolean
services_promotionrule,discount_value,integer
services_promotionrule,promotion_amount_total,numeric
services_promotionrule,description,character varying
services_promotionrule,start_date,timestamp with time zone
services_promotionrule,end_date,timestamp with time zone
services_promotionrule,created_at,timestamp with time zone
services_promotionrule,updated_at,timestamp with time zone
services_promotionrule,user_role,character varying
services_promotionrule,asset_country_id,integer
services_promotionrule,asset_group_id,integer
services_promotionrule,created_by_id,bigint
services_promotionrule,discount_operator_id,bigint
services_promotionrule,image_id,bigint
services_promotionrule,promotion_type_id,bigint
services_promotionrule,sale_country_id,integer
services_promotionrule,service_plan_id,bigint
services_promotionrule,updated_by_id,bigint
services_promotionrule,asset_city_id,integer
services_promotionrule,company_id,bigint
services_promotionrule_history,id,bigint
services_promotionrule_history,name,character varying
services_promotionrule_history,promo_code,character varying
services_promotionrule_history,promo_communication,character varying
services_promotionrule_history,promotions_per_user,smallint
services_promotionrule_history,base_cart_value,numeric
services_promotionrule_history,users_limit,smallint
services_promotionrule_history,is_active,boolean
services_promotionrule_history,discount_value,integer
services_promotionrule_history,promotion_amount_total,numeric
services_promotionrule_history,description,character varying
services_promotionrule_history,start_date,timestamp with time zone
services_promotionrule_history,end_date,timestamp with time zone
services_promotionrule_history,created_at,timestamp with time zone
services_promotionrule_history,updated_at,timestamp with time zone
services_promotionrule_history,user_role,character varying
services_promotionrule_history,history_id,integer
services_promotionrule_history,history_date,timestamp with time zone
services_promotionrule_history,history_change_reason,character varying
services_promotionrule_history,history_type,character varying
services_promotionrule_history,asset_country_id,integer
services_promotionrule_history,asset_group_id,integer
services_promotionrule_history,created_by_id,bigint
services_promotionrule_history,discount_operator_id,bigint
services_promotionrule_history,history_user_id,bigint
services_promotionrule_history,image_id,bigint
services_promotionrule_history,promotion_type_id,bigint
services_promotionrule_history,sale_country_id,integer
services_promotionrule_history,service_plan_id,bigint
services_promotionrule_history,updated_by_id,bigint
services_promotionrule_history,asset_city_id,integer
services_promotionrule_history,company_id,bigint
services_serviceplan,id,bigint
services_serviceplan,name,character varying
services_serviceplan,label,character varying
services_serviceplan,tier,smallint
services_serviceplan,end_date,timestamp with time zone
services_serviceplan,min_assets,smallint
services_serviceplan,max_assets,smallint
services_serviceplan,created_at,timestamp with time zone
services_serviceplan,updated_at,timestamp with time zone
services_serviceplan,created_by_id,bigint
services_serviceplan,updated_by_id,bigint
services_serviceplan,upgrade_option_id,bigint
services_serviceplan_history,id,bigint
services_serviceplan_history,name,character varying
services_serviceplan_history,label,character varying
services_serviceplan_history,tier,smallint
services_serviceplan_history,end_date,timestamp with time zone
services_serviceplan_history,min_assets,smallint
services_serviceplan_history,max_assets,smallint
services_serviceplan_history,created_at,timestamp with time zone
services_serviceplan_history,updated_at,timestamp with time zone
services_serviceplan_history,history_id,integer
services_serviceplan_history,history_date,timestamp with time zone
services_serviceplan_history,history_change_reason,character varying
services_serviceplan_history,history_type,character varying
services_serviceplan_history,created_by_id,bigint
services_serviceplan_history,history_user_id,bigint
services_serviceplan_history,updated_by_id,bigint
services_serviceplan_history,upgrade_option_id,bigint
services_serviceplanbundle,id,bigint
services_serviceplanbundle,name,character varying
services_serviceplanbundle,label,character varying
services_serviceplanbundle,display_order,integer
services_serviceplanbundle,created_at,timestamp with time zone
services_serviceplanbundle,updated_at,timestamp with time zone
services_serviceplanbundle,attachment_id,bigint
services_serviceplanbundle,created_by_id,bigint
services_serviceplanbundle,service_plan_id,bigint
services_serviceplanbundle,updated_by_id,bigint
services_serviceplanbundle_history,id,bigint
services_serviceplanbundle_history,name,character varying
services_serviceplanbundle_history,label,character varying
services_serviceplanbundle_history,display_order,integer
services_serviceplanbundle_history,created_at,timestamp with time zone
services_serviceplanbundle_history,updated_at,timestamp with time zone
services_serviceplanbundle_history,history_id,integer
services_serviceplanbundle_history,history_date,timestamp with time zone
services_serviceplanbundle_history,history_change_reason,character varying
services_serviceplanbundle_history,history_type,character varying
services_serviceplanbundle_history,attachment_id,bigint
services_serviceplanbundle_history,created_by_id,bigint
services_serviceplanbundle_history,history_user_id,bigint
services_serviceplanbundle_history,service_plan_id,bigint
services_serviceplanbundle_history,updated_by_id,bigint
services_serviceplanpricing,id,bigint
services_serviceplanpricing,actual_price,numeric
services_serviceplanpricing,discounted_price,numeric
services_serviceplanpricing,duration,character varying
services_serviceplanpricing,created_at,timestamp with time zone
services_serviceplanpricing,updated_at,timestamp with time zone
services_serviceplanpricing,created_by_id,bigint
services_serviceplanpricing,currency_id,integer
services_serviceplanpricing,service_plan_id,bigint
services_serviceplanpricing,updated_by_id,bigint
services_serviceplanpricing,user_country_id,integer
services_serviceplanpricing_history,id,bigint
services_serviceplanpricing_history,actual_price,numeric
services_serviceplanpricing_history,discounted_price,numeric
services_serviceplanpricing_history,duration,character varying
services_serviceplanpricing_history,created_at,timestamp with time zone
services_serviceplanpricing_history,updated_at,timestamp with time zone
services_serviceplanpricing_history,history_id,integer
services_serviceplanpricing_history,history_date,timestamp with time zone
services_serviceplanpricing_history,history_change_reason,character varying
services_serviceplanpricing_history,history_type,character varying
services_serviceplanpricing_history,created_by_id,bigint
services_serviceplanpricing_history,currency_id,integer
services_serviceplanpricing_history,history_user_id,bigint
services_serviceplanpricing_history,service_plan_id,bigint
services_serviceplanpricing_history,updated_by_id,bigint
services_serviceplanpricing_history,user_country_id,integer
services_userserviceplan,id,bigint
services_userserviceplan,pos_unit_price,numeric
services_userserviceplan,start_date,timestamp with time zone
services_userserviceplan,end_date,timestamp with time zone
services_userserviceplan,created_at,timestamp with time zone
services_userserviceplan,updated_at,timestamp with time zone
services_userserviceplan,created_by_id,bigint
services_userserviceplan,payment_frequency_id,bigint
services_userserviceplan,payment_transaction_id,bigint
services_userserviceplan,service_plan_pricing_id,bigint
services_userserviceplan,updated_by_id,bigint
services_userserviceplan,user_id,bigint
services_userserviceplan_history,id,bigint
services_userserviceplan_history,pos_unit_price,numeric
services_userserviceplan_history,start_date,timestamp with time zone
services_userserviceplan_history,end_date,timestamp with time zone
services_userserviceplan_history,created_at,timestamp with time zone
services_userserviceplan_history,updated_at,timestamp with time zone
services_userserviceplan_history,history_id,integer
services_userserviceplan_history,history_date,timestamp with time zone
services_userserviceplan_history,history_change_reason,character varying
services_userserviceplan_history,history_type,character varying
services_userserviceplan_history,created_by_id,bigint
services_userserviceplan_history,history_user_id,bigint
services_userserviceplan_history,payment_frequency_id,bigint
services_userserviceplan_history,payment_transaction_id,bigint
services_userserviceplan_history,service_plan_pricing_id,bigint
services_userserviceplan_history,updated_by_id,bigint
services_userserviceplan_history,user_id,bigint
services_uservaluebundle,id,bigint
services_uservaluebundle,pos_unit_price,numeric
services_uservaluebundle,expiry_date,timestamp with time zone
services_uservaluebundle,created_at,timestamp with time zone
services_uservaluebundle,updated_at,timestamp with time zone
services_uservaluebundle,asset_id,bigint
services_uservaluebundle,created_by_id,bigint
services_uservaluebundle,payment_transaction_id,bigint
services_uservaluebundle,updated_by_id,bigint
services_uservaluebundle,user_id,bigint
services_uservaluebundle,value_bundle_pricing_id,bigint
services_uservaluebundle_history,id,bigint
services_uservaluebundle_history,pos_unit_price,numeric
services_uservaluebundle_history,expiry_date,timestamp with time zone
services_uservaluebundle_history,created_at,timestamp with time zone
services_uservaluebundle_history,updated_at,timestamp with time zone
services_uservaluebundle_history,history_id,integer
services_uservaluebundle_history,history_date,timestamp with time zone
services_uservaluebundle_history,history_change_reason,character varying
services_uservaluebundle_history,history_type,character varying
services_uservaluebundle_history,asset_id,bigint
services_uservaluebundle_history,created_by_id,bigint
services_uservaluebundle_history,history_user_id,bigint
services_uservaluebundle_history,payment_transaction_id,bigint
services_uservaluebundle_history,updated_by_id,bigint
services_uservaluebundle_history,user_id,bigint
services_uservaluebundle_history,value_bundle_pricing_id,bigint
services_valuebundle,id,bigint
services_valuebundle,name,character varying
services_valuebundle,label,character varying
services_valuebundle,description,character varying
services_valuebundle,display_order,integer
services_valuebundle,end_date,timestamp with time zone
services_valuebundle,created_at,timestamp with time zone
services_valuebundle,updated_at,timestamp with time zone
services_valuebundle,attachment_id,bigint
services_valuebundle,created_by_id,bigint
services_valuebundle,updated_by_id,bigint
services_valuebundle_history,id,bigint
services_valuebundle_history,name,character varying
services_valuebundle_history,label,character varying
services_valuebundle_history,description,character varying
services_valuebundle_history,display_order,integer
services_valuebundle_history,end_date,timestamp with time zone
services_valuebundle_history,created_at,timestamp with time zone
services_valuebundle_history,updated_at,timestamp with time zone
services_valuebundle_history,history_id,integer
services_valuebundle_history,history_date,timestamp with time zone
services_valuebundle_history,history_change_reason,character varying
services_valuebundle_history,history_type,character varying
services_valuebundle_history,attachment_id,bigint
services_valuebundle_history,created_by_id,bigint
services_valuebundle_history,history_user_id,bigint
services_valuebundle_history,updated_by_id,bigint
services_valuebundleitem,id,bigint
services_valuebundleitem,name,character varying
services_valuebundleitem,label,character varying
services_valuebundleitem,display_order,integer
services_valuebundleitem,end_date,timestamp with time zone
services_valuebundleitem,created_at,timestamp with time zone
services_valuebundleitem,updated_at,timestamp with time zone
services_valuebundleitem,created_by_id,bigint
services_valuebundleitem,service_item_category_id,bigint
services_valuebundleitem,updated_by_id,bigint
services_valuebundleitem,value_bundle_id,bigint
services_valuebundleitem_history,id,bigint
services_valuebundleitem_history,name,character varying
services_valuebundleitem_history,label,character varying
services_valuebundleitem_history,display_order,integer
services_valuebundleitem_history,end_date,timestamp with time zone
services_valuebundleitem_history,created_at,timestamp with time zone
services_valuebundleitem_history,updated_at,timestamp with time zone
services_valuebundleitem_history,history_id,integer
services_valuebundleitem_history,history_date,timestamp with time zone
services_valuebundleitem_history,history_change_reason,character varying
services_valuebundleitem_history,history_type,character varying
services_valuebundleitem_history,created_by_id,bigint
services_valuebundleitem_history,history_user_id,bigint
services_valuebundleitem_history,service_item_category_id,bigint
services_valuebundleitem_history,updated_by_id,bigint
services_valuebundleitem_history,value_bundle_id,bigint
services_valuebundlepricing,id,bigint
services_valuebundlepricing,bundle_price,numeric
services_valuebundlepricing,discounted_price,numeric
services_valuebundlepricing,validity,integer
services_valuebundlepricing,is_city_dependent,boolean
services_valuebundlepricing,end_date,timestamp with time zone
services_valuebundlepricing,created_at,timestamp with time zone
services_valuebundlepricing,updated_at,timestamp with time zone
services_valuebundlepricing,user_role,character varying
services_valuebundlepricing,asset_city_id,integer
services_valuebundlepricing,asset_country_id,integer
services_valuebundlepricing,asset_group_id,integer
services_valuebundlepricing,created_by_id,bigint
services_valuebundlepricing,currency_id,integer
services_valuebundlepricing,updated_by_id,bigint
services_valuebundlepricing,value_bundle_id,bigint
services_valuebundlepricing_history,id,bigint
services_valuebundlepricing_history,bundle_price,numeric
services_valuebundlepricing_history,discounted_price,numeric
services_valuebundlepricing_history,validity,integer
services_valuebundlepricing_history,is_city_dependent,boolean
services_valuebundlepricing_history,end_date,timestamp with time zone
services_valuebundlepricing_history,created_at,timestamp with time zone
services_valuebundlepricing_history,updated_at,timestamp with time zone
services_valuebundlepricing_history,user_role,character varying
services_valuebundlepricing_history,history_id,integer
services_valuebundlepricing_history,history_date,timestamp with time zone
services_valuebundlepricing_history,history_change_reason,character varying
services_valuebundlepricing_history,history_type,character varying
services_valuebundlepricing_history,asset_city_id,integer
services_valuebundlepricing_history,asset_country_id,integer
services_valuebundlepricing_history,asset_group_id,integer
services_valuebundlepricing_history,created_by_id,bigint
services_valuebundlepricing_history,currency_id,integer
services_valuebundlepricing_history,history_user_id,bigint
services_valuebundlepricing_history,updated_by_id,bigint
services_valuebundlepricing_history,value_bundle_id,bigint
users_markettrend,id,bigint
users_markettrend,title,character varying
users_markettrend,link,character varying
users_markettrend,total_visits,integer
users_markettrend,created_at,timestamp with time zone
users_markettrend,updated_at,timestamp with time zone
users_markettrend,description,text
users_markettrend,image_url,character varying
users_markettrend,trend_type,character varying
users_markettrend_history,id,bigint
users_markettrend_history,title,character varying
users_markettrend_history,link,character varying
users_markettrend_history,total_visits,integer
users_markettrend_history,created_at,timestamp with time zone
users_markettrend_history,updated_at,timestamp with time zone
users_markettrend_history,history_id,integer
users_markettrend_history,history_date,timestamp with time zone
users_markettrend_history,history_change_reason,character varying
users_markettrend_history,history_type,character varying
users_markettrend_history,history_user_id,bigint
users_markettrend_history,description,text
users_markettrend_history,image_url,character varying
users_markettrend_history,trend_type,character varying
users_socialloginprovider,id,integer
users_socialloginprovider,provider,character varying
users_socialloginprovider,description,character varying
users_socialloginprovider,created_at,timestamp with time zone
users_socialloginprovider,updated_at,timestamp with time zone
users_socialloginprovider_history,id,integer
users_socialloginprovider_history,provider,character varying
users_socialloginprovider_history,description,character varying
users_socialloginprovider_history,created_at,timestamp with time zone
users_socialloginprovider_history,updated_at,timestamp with time zone
users_socialloginprovider_history,history_id,integer
users_socialloginprovider_history,history_date,timestamp with time zone
users_socialloginprovider_history,history_change_reason,character varying
users_socialloginprovider_history,history_type,character varying
users_socialloginprovider_history,history_user_id,bigint
users_socialloginsetting,id,integer
users_socialloginsetting,client_id,text
users_socialloginsetting,client_secret,text
users_socialloginsetting,created_at,timestamp with time zone
users_socialloginsetting,updated_at,timestamp with time zone
users_socialloginsetting,social_login_provider_id,integer
users_socialloginsetting_history,id,integer
users_socialloginsetting_history,client_id,text
users_socialloginsetting_history,client_secret,text
users_socialloginsetting_history,created_at,timestamp with time zone
users_socialloginsetting_history,updated_at,timestamp with time zone
users_socialloginsetting_history,history_id,integer
users_socialloginsetting_history,history_date,timestamp with time zone
users_socialloginsetting_history,history_change_reason,character varying
users_socialloginsetting_history,history_type,character varying
users_socialloginsetting_history,history_user_id,bigint
users_socialloginsetting_history,social_login_provider_id,integer
users_user,password,character varying
users_user,last_login,timestamp with time zone
users_user,is_superuser,boolean
users_user,is_staff,boolean
users_user,is_active,boolean
users_user,date_joined,timestamp with time zone
users_user,id,bigint
users_user,first_name,character varying
users_user,last_name,character varying
users_user,full_name,character varying
users_user,email,character varying
users_user,phone_code,character varying
users_user,phone_number,character varying
users_user,social_image_url,character varying
users_user,referral_code,character varying
users_user,blacklisted_reason,character varying
users_user,other_profession,character varying
users_user,emergency_contact_name,character varying
users_user,emergency_contact_phone,character varying
users_user,emergency_contact_phone_code,character varying
users_user,emergency_contact_email,character varying
users_user,email_verified,boolean
users_user,is_verified,boolean
users_user,is_blacklisted,boolean
users_user,last_logout,timestamp with time zone
users_user,date_of_birth,date
users_user,verified_date,timestamp with time zone
users_user,created_at,timestamp with time zone
users_user,updated_at,timestamp with time zone
users_user,deleted_at,timestamp with time zone
users_user,profile_picture_id,bigint
users_user_groups,id,integer
users_user_groups,user_id,bigint
users_user_groups,group_id,integer
users_user_history,password,character varying
users_user_history,last_login,timestamp with time zone
users_user_history,is_superuser,boolean
users_user_history,is_staff,boolean
users_user_history,is_active,boolean
users_user_history,date_joined,timestamp with time zone
users_user_history,id,bigint
users_user_history,first_name,character varying
users_user_history,last_name,character varying
users_user_history,full_name,character varying
users_user_history,email,character varying
users_user_history,phone_code,character varying
users_user_history,phone_number,character varying
users_user_history,social_image_url,character varying
users_user_history,referral_code,character varying
users_user_history,blacklisted_reason,character varying
users_user_history,other_profession,character varying
users_user_history,emergency_contact_name,character varying
users_user_history,emergency_contact_phone,character varying
users_user_history,emergency_contact_phone_code,character varying
users_user_history,emergency_contact_email,character varying
users_user_history,email_verified,boolean
users_user_history,is_verified,boolean
users_user_history,is_blacklisted,boolean
users_user_history,last_logout,timestamp with time zone
users_user_history,date_of_birth,date
users_user_history,verified_date,timestamp with time zone
users_user_history,created_at,timestamp with time zone
users_user_history,updated_at,timestamp with time zone
users_user_history,deleted_at,timestamp with time zone
users_user_history,history_id,integer
users_user_history,history_date,timestamp with time zone
users_user_history,history_change_reason,character varying
users_user_history,history_type,character varying
users_user_history,history_user_id,bigint
users_user_history,profile_picture_id,bigint
users_user_user_permissions,id,integer
users_user_user_permissions,user_id,bigint
users_user_user_permissions,permission_id,integer
users_useraddress,id,bigint
users_useraddress,postal_code,character varying
users_useraddress,is_primary,boolean
users_useraddress,created_at,timestamp with time zone
users_useraddress,updated_at,timestamp with time zone
users_useraddress,created_by_id,bigint
users_useraddress,location_id,bigint
users_useraddress,updated_by_id,bigint
users_useraddress,user_id,bigint
users_useraddress,address,character varying
users_useraddress,city_name,character varying
users_useraddress,country_id,integer
users_useraddress,country_name,character varying
users_useraddress,state_name,character varying
users_useraddress_history,id,bigint
users_useraddress_history,postal_code,character varying
users_useraddress_history,is_primary,boolean
users_useraddress_history,created_at,timestamp with time zone
users_useraddress_history,updated_at,timestamp with time zone
users_useraddress_history,history_id,integer
users_useraddress_history,history_date,timestamp with time zone
users_useraddress_history,history_change_reason,character varying
users_useraddress_history,history_type,character varying
users_useraddress_history,created_by_id,bigint
users_useraddress_history,history_user_id,bigint
users_useraddress_history,location_id,bigint
users_useraddress_history,updated_by_id,bigint
users_useraddress_history,user_id,bigint
users_useraddress_history,address,character varying
users_useraddress_history,city_name,character varying
users_useraddress_history,country_id,integer
users_useraddress_history,country_name,character varying
users_useraddress_history,state_name,character varying
users_usercoin,id,bigint
users_usercoin,referral_date,timestamp with time zone
users_usercoin,user_points_received,integer
users_usercoin,referral_user_points_received,integer
users_usercoin,created_at,timestamp with time zone
users_usercoin,updated_at,timestamp with time zone
users_usercoin,referral_user_id,bigint
users_usercoin,user_id,bigint
users_usercoin_history,id,bigint
users_usercoin_history,referral_date,timestamp with time zone
users_usercoin_history,user_points_received,integer
users_usercoin_history,referral_user_points_received,integer
users_usercoin_history,created_at,timestamp with time zone
users_usercoin_history,updated_at,timestamp with time zone
users_usercoin_history,history_id,integer
users_usercoin_history,history_date,timestamp with time zone
users_usercoin_history,history_change_reason,character varying
users_usercoin_history,history_type,character varying
users_usercoin_history,history_user_id,bigint
users_usercoin_history,referral_user_id,bigint
users_usercoin_history,user_id,bigint
users_useremployer,id,bigint
users_useremployer,company_name,character varying
users_useremployer,work_email,character varying
users_useremployer,work_employee_id,character varying
users_useremployer,email_verified,boolean
users_useremployer,end_date,timestamp with time zone
users_useremployer,created_at,timestamp with time zone
users_useremployer,updated_at,timestamp with time zone
users_useremployer,company_id,bigint
users_useremployer,created_by_id,bigint
users_useremployer,updated_by_id,bigint
users_useremployer,user_id,bigint
users_useremployer_history,id,bigint
users_useremployer_history,company_name,character varying
users_useremployer_history,work_email,character varying
users_useremployer_history,work_employee_id,character varying
users_useremployer_history,email_verified,boolean
users_useremployer_history,end_date,timestamp with time zone
users_useremployer_history,created_at,timestamp with time zone
users_useremployer_history,updated_at,timestamp with time zone
users_useremployer_history,history_id,integer
users_useremployer_history,history_date,timestamp with time zone
users_useremployer_history,history_change_reason,character varying
users_useremployer_history,history_type,character varying
users_useremployer_history,company_id,bigint
users_useremployer_history,created_by_id,bigint
users_useremployer_history,history_user_id,bigint
users_useremployer_history,updated_by_id,bigint
users_useremployer_history,user_id,bigint
users_useridentitydocument,id,bigint
users_useridentitydocument,is_default,boolean
users_useridentitydocument,created_at,timestamp with time zone
users_useridentitydocument,updated_at,timestamp with time zone
users_useridentitydocument,attachment_id,bigint
users_useridentitydocument,selfie_attachment_id,bigint
users_useridentitydocument,user_id,bigint
users_useridentitydocument_history,id,bigint
users_useridentitydocument_history,is_default,boolean
users_useridentitydocument_history,created_at,timestamp with time zone
users_useridentitydocument_history,updated_at,timestamp with time zone
users_useridentitydocument_history,history_id,integer
users_useridentitydocument_history,history_date,timestamp with time zone
users_useridentitydocument_history,history_change_reason,character varying
users_useridentitydocument_history,history_type,character varying
users_useridentitydocument_history,attachment_id,bigint
users_useridentitydocument_history,history_user_id,bigint
users_useridentitydocument_history,selfie_attachment_id,bigint
users_useridentitydocument_history,user_id,bigint
users_userpreference,id,bigint
users_userpreference,metric_unit,character varying
users_userpreference,created_at,timestamp with time zone
users_userpreference,updated_at,timestamp with time zone
users_userpreference,created_by_id,bigint
users_userpreference,financial_year_id,bigint
users_userpreference,locale_id,bigint
users_userpreference,updated_by_id,bigint
users_userpreference,user_id,bigint
users_userpreference,user_currency_id,integer
users_userpreference_history,id,bigint
users_userpreference_history,metric_unit,character varying
users_userpreference_history,created_at,timestamp with time zone
users_userpreference_history,updated_at,timestamp with time zone
users_userpreference_history,history_id,integer
users_userpreference_history,history_date,timestamp with time zone
users_userpreference_history,history_change_reason,character varying
users_userpreference_history,history_type,character varying
users_userpreference_history,created_by_id,bigint
users_userpreference_history,financial_year_id,bigint
users_userpreference_history,history_user_id,bigint
users_userpreference_history,locale_id,bigint
users_userpreference_history,updated_by_id,bigint
users_userpreference_history,user_id,bigint
users_userpreference_history,user_currency_id,integer
users_userwithdrawal,id,bigint
users_userwithdrawal,withdrawn_points,integer
users_userwithdrawal,created_at,timestamp with time zone
users_userwithdrawal,updated_at,timestamp with time zone
users_userwithdrawal,user_id,bigint
users_userwithdrawal_history,id,bigint
users_userwithdrawal_history,withdrawn_points,integer
users_userwithdrawal_history,created_at,timestamp with time zone
users_userwithdrawal_history,updated_at,timestamp with time zone
users_userwithdrawal_history,history_id,integer
users_userwithdrawal_history,history_date,timestamp with time zone
users_userwithdrawal_history,history_change_reason,character varying
users_userwithdrawal_history,history_type,character varying
users_userwithdrawal_history,history_user_id,bigint
users_userwithdrawal_history,user_id,bigint
worklists_ticket,id,bigint
worklists_ticket,title,character varying
worklists_ticket,description,character varying
worklists_ticket,status,character varying
worklists_ticket,created_at,timestamp with time zone
worklists_ticket,updated_at,timestamp with time zone
worklists_ticket,asset_id,bigint
worklists_ticket,created_by_id,bigint
worklists_ticket,lease_transaction_id,bigint
worklists_ticket,raised_by_id,bigint
worklists_ticket,ticket_category_id,bigint
worklists_ticket,updated_by_id,bigint
worklists_ticket_history,id,bigint
worklists_ticket_history,title,character varying
worklists_ticket_history,description,character varying
worklists_ticket_history,status,character varying
worklists_ticket_history,created_at,timestamp with time zone
worklists_ticket_history,updated_at,timestamp with time zone
worklists_ticket_history,history_id,integer
worklists_ticket_history,history_date,timestamp with time zone
worklists_ticket_history,history_change_reason,character varying
worklists_ticket_history,history_type,character varying
worklists_ticket_history,asset_id,bigint
worklists_ticket_history,created_by_id,bigint
worklists_ticket_history,history_user_id,bigint
worklists_ticket_history,lease_transaction_id,bigint
worklists_ticket_history,raised_by_id,bigint
worklists_ticket_history,ticket_category_id,bigint
worklists_ticket_history,updated_by_id,bigint
